<?xml version="1.0" encoding="UTF-8"?>
<jcr:root xmlns:sling="http://sling.apache.org/jcr/sling/1.0" xmlns:cq="http://www.day.com/jcr/cq/1.0" xmlns:jcr="http://www.jcp.org/jcr/1.0" xmlns:nt="http://www.jcp.org/jcr/nt/1.0"
    jcr:primaryType="nt:unstructured"
    jcr:title="Hero Banner"
    sling:resourceType="cq/gui/components/authoring/dialog"
    extraClientlibs="[core.wcm.components.image.v2.editor]">
    <content
        jcr:primaryType="nt:unstructured"
        sling:resourceType="granite/ui/components/coral/foundation/container">
        <items jcr:primaryType="nt:unstructured">
            <tabs
                jcr:primaryType="nt:unstructured"
                sling:resourceType="granite/ui/components/coral/foundation/tabs"
                maximized="{Boolean}true">
                <items jcr:primaryType="nt:unstructured">
                    <general
                        jcr:primaryType="nt:unstructured"
                        jcr:title="General"
                        sling:resourceType="granite/ui/components/coral/foundation/container">
                        <items jcr:primaryType="nt:unstructured">
                            <text
                                jcr:primaryType="nt:unstructured"
                                sling:resourceType="granite/ui/components/coral/foundation/form/textfield"
                                fieldLabel="Title"
                                name="./title"/>
                            <description
                                jcr:primaryType="nt:unstructured"
                                sling:resourceType="cq/gui/components/authoring/dialog/richtext"
                                removeSingleParagraphContainer="true"
                                useFixedInlineToolbar="{Boolean}true"
                                fieldLabel="Description"
                                name="./description"/>
                        </items>
                    </general>
                    <asset
                        jcr:primaryType="nt:unstructured"
                        jcr:title="Asset"
                        sling:resourceType="granite/ui/components/coral/foundation/container"
                        margin="{Boolean}true">
                        <items jcr:primaryType="nt:unstructured">
                            <columns
                                jcr:primaryType="nt:unstructured"
                                sling:resourceType="granite/ui/components/coral/foundation/fixedcolumns"
                                margin="{Boolean}true">
                                <items jcr:primaryType="nt:unstructured">
                                    <column
                                        jcr:primaryType="nt:unstructured"
                                        sling:resourceType="granite/ui/components/coral/foundation/container">
                                        <items jcr:primaryType="nt:unstructured">
                                            <file
                                                jcr:primaryType="nt:unstructured"
                                                sling:resourceType="cq/gui/components/authoring/dialog/fileupload"
                                                autoStart="{Boolean}false"
                                                class="cq-droptarget"
                                                fileNameParameter="./fileName"
                                                fileReferenceParameter="./fileReference"
                                                mimeTypes="[image/gif,image/jpeg,image/png,image/webp,image/tiff]"
                                                multiple="{Boolean}false"
                                                name="./file"
                                                title="Upload Image Asset"
                                                uploadUrl="${suffix.path}"
                                                useHTML5="{Boolean}true"/>
                                            <alt
                                                jcr:primaryType="nt:unstructured"
                                                sling:resourceType="granite/ui/components/coral/foundation/form/textfield"
                                                fieldDescription="Textual alternative of the meaning or function of the image, for visually impaired readers."
                                                fieldLabel="Alternative Text"
                                                name="./alt"
                                                required="{Boolean}true"/>
                                            <linkURL
                                                jcr:primaryType="nt:unstructured"
                                                sling:resourceType="granite/ui/components/coral/foundation/form/pathfield"
                                                fieldDescription="Make the image a link to another resource."
                                                fieldLabel="Link"
                                                name="./linkURL"
                                                rootPath="/content"
                                                wrapperClass="cmp-image__editor-link"/>
                                        </items>
                                    </column>
                                </items>
                            </columns>
                        </items>
                    </asset>
                    <cta
                        jcr:primaryType="nt:unstructured"
                        jcr:title="CTA"
                        sling:resourceType="granite/ui/components/coral/foundation/container">
                        <items jcr:primaryType="nt:unstructured">
                            <text
                                jcr:primaryType="nt:unstructured"
                                sling:resourceType="granite/ui/components/coral/foundation/form/textfield"
                                fieldLabel="CTA Text"
                                name="./ctaTitle"/>
                            <link
                                jcr:primaryType="nt:unstructured"
                                sling:resourceType="granite/ui/components/coral/foundation/form/pathfield"
                                fieldLabel="CTA Link"
                                name="./ctaLink"/>
                            <target
                                jcr:primaryType="nt:unstructured"
                                sling:resourceType="granite/ui/components/coral/foundation/form/select"
                                emptyOption="{Boolean}true"
                                fieldLabel="Target"
                                name="./target"
                                type="editable">
                                <items jcr:primaryType="nt:unstructured">
                                    <newTab
                                        jcr:primaryType="nt:unstructured"
                                        text="New Tab"
                                        value="_blank"/>
                                    <sameTab
                                        jcr:primaryType="nt:unstructured"
                                        text="Same Tab"
                                        value=""/>
                                </items>
                            </target>
                        </items>
                    </cta>
                </items>
            </tabs>
        </items>
    </content>
</jcr:root>
