<?xml version="1.0" encoding="UTF-8"?>
<jcr:root xmlns:sling="http://sling.apache.org/jcr/sling/1.0" xmlns:cq="http://www.day.com/jcr/cq/1.0" xmlns:jcr="http://www.jcp.org/jcr/1.0" xmlns:nt="http://www.jcp.org/jcr/nt/1.0"
    jcr:primaryType="nt:unstructured"
    jcr:title="Properties"
    sling:resourceType="cq/gui/components/authoring/dialog">
    <content
        jcr:primaryType="nt:unstructured"
        sling:resourceType="granite/ui/components/coral/foundation/fixedcolumns">
        <items jcr:primaryType="nt:unstructured">
            <column
                jcr:primaryType="nt:unstructured"
                sling:resourceType="granite/ui/components/coral/foundation/container">
                <items jcr:primaryType="nt:unstructured">
                    <text
                        jcr:primaryType="nt:unstructured"
                        sling:resourceType="granite/ui/components/coral/foundation/form/textfield"
                        fieldLabel="CTA Text"
                        name="./title"/>
                    <link
                        jcr:primaryType="nt:unstructured"
                        sling:resourceType="granite/ui/components/coral/foundation/form/pathfield"
                        fieldLabel="CTA Link"
                        name="./link"/>
                    <target
                        jcr:primaryType="nt:unstructured"
                        sling:resourceType="granite/ui/components/coral/foundation/form/select"
                        emptyOption="{Boolean}true"
                        fieldLabel="Target"
                        name="./target"
                        type="editable">
                        <items jcr:primaryType="nt:unstructured">
                            <newTab
                                jcr:primaryType="nt:unstructured"
                                text="New Tab"
                                value="_blank"/>
                            <sameTab
                                jcr:primaryType="nt:unstructured"
                                text="Same Tab"
                                value=""/>
                        </items>
                    </target>
                </items>
            </column>
        </items>
    </content>
</jcr:root>
